INSERT INTO organization (id, name, description, type) VALUES
    ('550e8400-e29b-41d4-a716-446655440020', 'Organization 1', 'Description 1', 'LLC'),
    ('550e8400-e29b-41d4-a716-446655440021', 'Organization 2', 'Description 2', 'IE'),
    ('550e8400-e29b-41d4-a716-446655440022', 'Organization 3', 'Description 3', 'JSC'),
    ('550e8400-e29b-41d4-a716-446655440023', 'Organization 4', 'Description 4', 'LLC')
    ON CONFLICT (id) DO NOTHING;

INSERT INTO employee (id, username, first_name, last_name) VALUES 
    ('550e8400-e29b-41d4-a716-446655440001', 'user1', 'First1', 'Last1'),
    ('550e8400-e29b-41d4-a716-446655440002', 'user2', 'First2', 'Last2'),
    ('550e8400-e29b-41d4-a716-446655440003', 'user3', 'First3', 'Last3'),
    ('550e8400-e29b-41d4-a716-446655440004', 'user4', 'First4', 'Last4'),
    ('550e8400-e29b-41d4-a716-446655440005', 'user5', 'First5', 'Last5'),
    ('550e8400-e29b-41d4-a716-446655440006', 'user6', 'First6', 'Last6'),
    ('550e8400-e29b-41d4-a716-446655440007', 'user7', 'First7', 'Last7'),
    ('550e8400-e29b-41d4-a716-446655440008', 'user8', 'First8', 'Last8'),
    ('550e8400-e29b-41d4-a716-446655440009', 'user9', 'First9', 'Last9'),
    ('550e8400-e29b-41d4-a716-44665544000a', 'user10', 'First10', 'Last10'),
    ('550e8400-e29b-41d4-a716-44665544000b', 'user11', 'First11', 'Last11'),
    ('550e8400-e29b-41d4-a716-44665544000c', 'user12', 'First12', 'Last12'),
    ('550e8400-e29b-41d4-a716-44665544000d', 'user13', 'First13', 'Last13'),
    ('550e8400-e29b-41d4-a716-44665544000e', 'user14', 'First14', 'Last14'),
    ('550e8400-e29b-41d4-a716-44665544000f', 'user15', 'First15', 'Last15'),
    ('550e8400-e29b-41d4-a716-446655440010', 'user16', 'First16', 'Last16'),
    ('550e8400-e29b-41d4-a716-446655440011', 'user17', 'First17', 'Last17'),
    ('550e8400-e29b-41d4-a716-446655440012', 'user18', 'First18', 'Last18'),
    ('550e8400-e29b-41d4-a716-446655440013', 'user19', 'First19', 'Last19'),
    ('550e8400-e29b-41d4-a716-446655440014', 'user20', 'First20', 'Last20'),
    ('550e8400-e29b-41d4-a716-446655440015', 'user21', 'First21', 'Last21'),
    ('550e8400-e29b-41d4-a716-446655440016', 'user22', 'First22', 'Last22'),
    ('550e8400-e29b-41d4-a716-446655440017', 'user23', 'First23', 'Last23'),
    ('550e8400-e29b-41d4-a716-446655440018', 'user24', 'First24', 'Last24'),
    ('550e8400-e29b-41d4-a716-446655440019', 'user25', 'First25', 'Last25'),
    ('550e8400-e29b-41d4-a716-44665544001a', 'user26', 'First26', 'Last26'),
    ('550e8400-e29b-41d4-a716-44665544001b', 'user27', 'First27', 'Last27'),
    ('550e8400-e29b-41d4-a716-44665544001c', 'user28', 'First28', 'Last28'),
    ('550e8400-e29b-41d4-a716-44665544001d', 'user29', 'First29', 'Last29'),
    ('550e8400-e29b-41d4-a716-44665544001e', 'user30', 'First30', 'Last30')
    ON CONFLICT (id) DO NOTHING;

INSERT INTO organization_responsible (id, organization_id, user_id) VALUES 
    ('550e8400-e29b-41d4-a716-446655440030', '550e8400-e29b-41d4-a716-446655440020', '550e8400-e29b-41d4-a716-446655440001'),
    ('550e8400-e29b-41d4-a716-446655440031', '550e8400-e29b-41d4-a716-446655440020', '550e8400-e29b-41d4-a716-446655440002'),
    ('550e8400-e29b-41d4-a716-446655440032', '550e8400-e29b-41d4-a716-446655440020', '550e8400-e29b-41d4-a716-446655440003'),
    ('550e8400-e29b-41d4-a716-446655440033', '550e8400-e29b-41d4-a716-446655440021', '550e8400-e29b-41d4-a716-446655440004'),
    ('550e8400-e29b-41d4-a716-446655440034', '550e8400-e29b-41d4-a716-446655440021', '550e8400-e29b-41d4-a716-446655440005'),
    ('550e8400-e29b-41d4-a716-446655440035', '550e8400-e29b-41d4-a716-446655440021', '550e8400-e29b-41d4-a716-446655440006'),
    ('550e8400-e29b-41d4-a716-446655440036', '550e8400-e29b-41d4-a716-446655440022', '550e8400-e29b-41d4-a716-446655440007'),
    ('550e8400-e29b-41d4-a716-446655440037', '550e8400-e29b-41d4-a716-446655440022', '550e8400-e29b-41d4-a716-446655440008'),
    ('550e8400-e29b-41d4-a716-446655440038', '550e8400-e29b-41d4-a716-446655440022', '550e8400-e29b-41d4-a716-446655440009'),
    ('550e8400-e29b-41d4-a716-446655440039', '550e8400-e29b-41d4-a716-446655440023', '550e8400-e29b-41d4-a716-44665544000a'),
    ('550e8400-e29b-41d4-a716-44665544003a', '550e8400-e29b-41d4-a716-446655440023', '550e8400-e29b-41d4-a716-44665544000b'),
    ('550e8400-e29b-41d4-a716-44665544003b', '550e8400-e29b-41d4-a716-446655440023', '550e8400-e29b-41d4-a716-44665544000c')
    ON CONFLICT (id) DO NOTHING;
